bus_route_name,bus_route_link,bus_name,bus_type,departing_time,duration,reaching_time,star_rating,price,seat_availability
Patna to Motihari Bus,https://www.redbus.in/bus-tickets/patna-to-motihari,Bihar state road transport corporation (BSRTC) - 150571,Non AC Seater (2+2),21:20,03h 40m,01:00,4,150,44 Seats available
Patna to Motihari Bus,https://www.redbus.in/bus-tickets/patna-to-motihari,Siddhi Vinayak (BSRTC U/T),Non AC Seater (2+2),15:30,04h 00m,19:30,2.2,155,29 Seats available
Patna to Motihari Bus,https://www.redbus.in/bus-tickets/patna-to-motihari,Jai Hanuman Travels,A/C Seater / Sleeper (2+2),22:00,06h 00m,04:00,4.5,150,44 Seats available
Patna to Motihari Bus,https://www.redbus.in/bus-tickets/patna-to-motihari,Jai Hanuman Travels,A/C Seater / Sleeper (2+2),22:20,04h 55m,03:15,3.1,150,46 Seats available
Patna to Motihari Bus,https://www.redbus.in/bus-tickets/patna-to-motihari,Panwar Travels,A/C Seater / Sleeper (2+1),18:10,03h 25m,21:35,2.7,155,34 Seats available
Patna to Motihari Bus,https://www.redbus.in/bus-tickets/patna-to-motihari,Jai Mata Di Tour and Travels,A/C Seater / Sleeper (2+2),20:28,03h 02m,23:30,1.1,150,48 Seats available
Patna to Bettiah Bus,https://www.redbus.in/bus-tickets/patna-to-bettiah,Jai Hanuman Travels,A/C Seater / Sleeper (2+2),22:20,06h 40m,05:00,3.6,150,49 Seats available
Patna to Bettiah Bus,https://www.redbus.in/bus-tickets/patna-to-bettiah,Jai Mata Di Tour and Travels,A/C Seater / Sleeper (2+2),22:40,05h 20m,04:00,3.4,155,39 Seats available
Patna to Bettiah Bus,https://www.redbus.in/bus-tickets/patna-to-bettiah,Jai Mata Di Tour and Travels,A/C Seater / Sleeper (2+2),20:28,05h 32m,02:00,2,300,9 Seats available
Patna to Bettiah Bus,https://www.redbus.in/bus-tickets/patna-to-bettiah,V.I.P Travels,A/C Seater / Sleeper (2+2),21:40,06h 00m,03:40,2.8,150,52 Seats available
Bettiah to Patna Bus,https://www.redbus.in/bus-tickets/bettiah-to-patna,Bihar state road transport corporation (BSRTC) - 170674,Non AC Seater (2+2),20:30,05h 30m,02:00,2.3,155,32 Seats available
Bettiah to Patna Bus,https://www.redbus.in/bus-tickets/bettiah-to-patna,Jai Mata Di Tour and Travels,A/C Seater / Sleeper (2+2),22:00,07h 00m,05:00,3.1,150,51 Seats available
Bettiah to Patna Bus,https://www.redbus.in/bus-tickets/bettiah-to-patna,Saurabh Travels,A/C Seater Push Back (2+2),15:00,17h 45m,08:45,1,155,33 Seats available
Bettiah to Patna Bus,https://www.redbus.in/bus-tickets/bettiah-to-patna,Saurabh Travels,A/C Seater Push Back (2+2),15:00,06h 00m,21:00,1,150,50 Seats available
Bettiah to Patna Bus,https://www.redbus.in/bus-tickets/bettiah-to-patna,Saurabh Travels,A/C Seater Push Back (2+2),15:15,06h 05m,21:20,1,300,26 Seats available
Bettiah to Patna Bus,https://www.redbus.in/bus-tickets/bettiah-to-patna,Saurabh Travels,A/C Seater Push Back (2+2),15:21,06h 24m,21:45,1,150,42 Seats available
Bettiah to Patna Bus,https://www.redbus.in/bus-tickets/bettiah-to-patna,Saurabh Travels,A/C Seater Push Back (2+2),15:30,06h 45m,22:15,1,300,13 Seats available
Bettiah to Patna Bus,https://www.redbus.in/bus-tickets/bettiah-to-patna,Saurabh Travels,A/C Seater Push Back (2+2),15:37,06h 38m,22:15,1,155,32 Seats available
Bettiah to Patna Bus,https://www.redbus.in/bus-tickets/bettiah-to-patna,Jai Hanuman Travels,A/C Seater / Sleeper (2+2),21:55,07h 36m,05:31,2.5,150,49 Seats available
Gopalganj (Bihar) to Delhi Bus,https://www.redbus.in/bus-tickets/gopalganj-to-delhi,ROYAL TRAVELS AND CARGO,A/C Seater / Sleeper (2+2),17:30,15h 00m,08:30,1.9,150,46 Seats available
Gopalganj (Bihar) to Delhi Bus,https://www.redbus.in/bus-tickets/gopalganj-to-delhi,Travel Point World LLP,A/C Seater / Sleeper (2+2),20:20,14h 30m,10:50,2.2,150,52 Seats available
Gopalganj (Bihar) to Delhi Bus,https://www.redbus.in/bus-tickets/gopalganj-to-delhi,Panwar tour and Travels,A/C Seater / Sleeper (2+1),15:40,17h 50m,09:30,1.7,300,37 Seats available
Gopalganj (Bihar) to Delhi Bus,https://www.redbus.in/bus-tickets/gopalganj-to-delhi,Armaan Tour & Travels,A/C Seater / Sleeper (2+1),16:50,20h 10m,13:00,2.6,150,45 Seats available
Gopalganj (Bihar) to Delhi Bus,https://www.redbus.in/bus-tickets/gopalganj-to-delhi,Jay Maa Kali Travels,Bharat Benz A/C Seater / Sleeper (2+2),16:00,16h 30m,08:30,1.9,150,51 Seats available
Gopalganj (Bihar) to Delhi Bus,https://www.redbus.in/bus-tickets/gopalganj-to-delhi,Panwar tour and Travels,A/C Seater / Sleeper (2+1),15:40,17h 50m,09:30,1.7,150,52 Seats available
Gopalganj (Bihar) to Delhi Bus,https://www.redbus.in/bus-tickets/gopalganj-to-delhi,Singh Express Bus Service,A/C Seater / Sleeper (2+2),15:00,19h 00m,10:00,1.8,155,35 Seats available
Gopalganj (Bihar) to Delhi Bus,https://www.redbus.in/bus-tickets/gopalganj-to-delhi,Shree Balajee Travels And Cargo,A/C Seater / Sleeper (2+2),20:00,18h 30m,14:30,1.3,150,51 Seats available
Gopalganj (Bihar) to Delhi Bus,https://www.redbus.in/bus-tickets/gopalganj-to-delhi,New Travel India,A/C Seater / Sleeper (2+1),17:30,15h 30m,09:00,1.2,150,51 Seats available
Gopalganj (Bihar) to Delhi Bus,https://www.redbus.in/bus-tickets/gopalganj-to-delhi,New Travel India,A/C Seater / Sleeper (2+1),18:15,13h 45m,08:00,1.2,155,47 Seats available
Gopalganj (Bihar) to Delhi Bus,https://www.redbus.in/bus-tickets/gopalganj-to-delhi,New Travel India,A/C Seater / Sleeper (2+1),18:15,13h 55m,08:10,1.2,150,52 Seats available
Gopalganj (Bihar) to Delhi Bus,https://www.redbus.in/bus-tickets/gopalganj-to-delhi,New Travel India,A/C Seater / Sleeper (2+1),17:35,14h 55m,08:30,1.2,150,52 Seats available
Balmiki Nagar (bihar) to Patna Bus,https://www.redbus.in/bus-tickets/balmiki-nagar-bihar-to-patna,Jai Mata Di Tour and Travels,A/C Seater / Sleeper (2+2),18:30,10h 30m,05:00,2.2,155,40 Seats available
Patna to Katihar Bus,https://www.redbus.in/bus-tickets/patna-to-katihar,Bihar state road transport corporation (BSRTC) - 142847,AC Seater (2+2),21:25,09h 05m,06:30,3.6,155,42 Seats available
Patna to Katihar Bus,https://www.redbus.in/bus-tickets/patna-to-katihar,Sri Krishna Rath,A/C Seater / Sleeper (2+2),21:00,09h 05m,06:05,1.5,150,52 Seats available
Patna to Katihar Bus,https://www.redbus.in/bus-tickets/patna-to-katihar,Sri Krishna Rath,A/C Seater / Sleeper (2+2),20:00,09h 05m,05:05,1.5,150,52 Seats available
Patna to Katihar Bus,https://www.redbus.in/bus-tickets/patna-to-katihar,Sri Krishna Rath,A/C Seater / Sleeper (2+2),19:00,09h 05m,04:05,2.2,150,51 Seats available
Motihari to Delhi Bus,https://www.redbus.in/bus-tickets/motihari-to-delhi,Travel Point World LLP,A/C Seater / Sleeper (2+2),18:20,16h 30m,10:50,1.6,155,40 Seats available
Patna to Balmiki Nagar (bihar) Bus,https://www.redbus.in/bus-tickets/patna-to-balmiki-nagar-bihar,Jai Mata Di Tour and Travels,A/C Seater / Sleeper (2+2),20:28,09h 32m,06:00,1.7,150,49 Seats available
Patna to Balmiki Nagar (bihar) Bus,https://www.redbus.in/bus-tickets/patna-to-balmiki-nagar-bihar,Jai Mata Di Tour and Travels,A/C Seater / Sleeper (2+2),22:40,08h 20m,07:00,1.8,155,50 Seats available
Delhi to Motihari Bus,https://www.redbus.in/bus-tickets/delhi-to-motihari,Bihar state road transport corporation (BSRTC) - 117806,Volvo AC Seater 2+2,17:00,17h 00m,10:00,3.9,150,50 Seats available
Delhi to Motihari Bus,https://www.redbus.in/bus-tickets/delhi-to-motihari,Travel Point World LLP,A/C Seater / Sleeper (2+2),16:00,16h 01m,08:01,1.2,150,51 Seats available
Delhi to Motihari Bus,https://www.redbus.in/bus-tickets/delhi-to-motihari,New India Bus Service,A/C Seater / Sleeper (2+2),15:30,17h 30m,09:00,1,155,52 Seats available
Delhi to Motihari Bus,https://www.redbus.in/bus-tickets/delhi-to-motihari,Rajdhani Express,A/C Seater / Sleeper (2+2),16:00,18h 00m,10:00,1.2,150,50 Seats available
Delhi to Motihari Bus,https://www.redbus.in/bus-tickets/delhi-to-motihari,Maa kali Travels,A/C Seater / Sleeper (2+2),17:15,19h 30m,12:45,1,150,49 Seats available
Muzaffarpur to Ranchi Bus,https://www.redbus.in/bus-tickets/muzaffarpur-to-ranchi,Bihar state road transport corporation (BSRTC) - 153594,AC Seater (2+2),18:00,12h 00m,06:00,3.9,155,40 Seats available
Muzaffarpur to Ranchi Bus,https://www.redbus.in/bus-tickets/muzaffarpur-to-ranchi,Jai Mata Di Tour and Travels,A/C Seater / Sleeper (2+2),19:15,10h 45m,06:00,2.2,150,52 Seats available
Muzaffarpur to Ranchi Bus,https://www.redbus.in/bus-tickets/muzaffarpur-to-ranchi,Jai Mata Di Tour and Travels,A/C Seater / Sleeper (2+2),18:00,10h 30m,04:30,2.2,155,42 Seats available
Muzaffarpur to Ranchi Bus,https://www.redbus.in/bus-tickets/muzaffarpur-to-ranchi,Tejas Maa Bhawani,A/C Sleeper (2+1),19:05,10h 55m,06:00,2.8,155,49 Seats available
Muzaffarpur to Ranchi Bus,https://www.redbus.in/bus-tickets/muzaffarpur-to-ranchi,Tejas Maa Bhawani,A/C Seater / Sleeper (2+2),19:00,10h 30m,05:30,2.9,150,49 Seats available
Muzaffarpur to Ranchi Bus,https://www.redbus.in/bus-tickets/muzaffarpur-to-ranchi,Tejas Maa Bhawani,AC Sleeper (2+1),18:45,11h 15m,06:00,2.9,150,52 Seats available
Muzaffarpur to Ranchi Bus,https://www.redbus.in/bus-tickets/muzaffarpur-to-ranchi,Tejas Maa Bhawani,Non AC Seater (2+2),18:30,11h 00m,05:30,2.9,155,45 Seats available
Patna to Ranchi Bus,https://www.redbus.in/bus-tickets/patna-to-ranchi,Bihar state road transport corporation (BSRTC) - 153594,AC Seater (2+2),20:41,09h 19m,06:00,2.8,155,46 Seats available
Patna to Ranchi Bus,https://www.redbus.in/bus-tickets/patna-to-ranchi,MAA SHANTI TRAVELS,A/C Seater / Sleeper (2+1),20:27,07h 48m,04:15,4.4,300,33 Seats available
Patna to Ranchi Bus,https://www.redbus.in/bus-tickets/patna-to-ranchi,Rekha Luxury,A/C Seater / Sleeper (2+1),20:00,10h 00m,06:00,4.1,150,50 Seats available
Patna to Ranchi Bus,https://www.redbus.in/bus-tickets/patna-to-ranchi,Divya Rath,A/C Sleeper (2+1),20:15,08h 15m,04:30,4,300,35 Seats available
Patna to Ranchi Bus,https://www.redbus.in/bus-tickets/patna-to-ranchi,VIJAY RATH,A/C Seater / Sleeper (2+1),19:16,09h 29m,04:45,4.6,150,52 Seats available
Patna to Ranchi Bus,https://www.redbus.in/bus-tickets/patna-to-ranchi,Prithvi Vahan,Bharat Benz A/C Sleeper (2+1),20:15,08h 45m,05:00,4.1,155,52 Seats available
Patna to Ranchi Bus,https://www.redbus.in/bus-tickets/patna-to-ranchi,MAA SHANTI TRAVELS,A/C Seater/Sleeper (2+1),21:25,09h 20m,06:45,3.9,150,51 Seats available
Patna to Ranchi Bus,https://www.redbus.in/bus-tickets/patna-to-ranchi,Mahuli Travels,A/C Seater/Sleeper (2+1),21:00,09h 00m,06:00,3.8,155,47 Seats available
Patna to Ranchi Bus,https://www.redbus.in/bus-tickets/patna-to-ranchi,Arzoo Travels,Bharat Benz A/C Seater /Sleeper (2+1),20:30,09h 00m,05:30,3.7,150,52 Seats available
Patna to Ranchi Bus,https://www.redbus.in/bus-tickets/patna-to-ranchi,Sri Sai ( Jharkhand Paryatak),A/C Seater / Sleeper (2+1),20:45,08h 45m,05:30,3.7,300,23 Seats available
Patna to Ranchi Bus,https://www.redbus.in/bus-tickets/patna-to-ranchi,MAA SHANTI TRAVELS,A/C Seater / Sleeper (2+1),21:40,07h 35m,05:15,3.6,155,52 Seats available
Patna to Ranchi Bus,https://www.redbus.in/bus-tickets/patna-to-ranchi,Shubham Travels,A/C Seater / Sleeper (2+1),19:30,08h 00m,03:30,3.4,150,52 Seats available
Patna to Ranchi Bus,https://www.redbus.in/bus-tickets/patna-to-ranchi,Yarana Travels,NON AC Seater / Sleeper 2+1,18:01,08h 59m,03:00,3.1,155,52 Seats available
Patna to Ranchi Bus,https://www.redbus.in/bus-tickets/patna-to-ranchi,Pappu Travels (yvts),A/C Seater/Sleeper (2+1),21:30,08h 30m,06:00,3,350,22 Seats available
Patna to Ranchi Bus,https://www.redbus.in/bus-tickets/patna-to-ranchi,Pihu (yvts),A/C Seater / Sleeper (2+1),19:30,08h 40m,04:10,3,135,47 Seats available
Patna to Ranchi Bus,https://www.redbus.in/bus-tickets/patna-to-ranchi,Maa Bhawani Travels,A/C Seater / Sleeper (2+1),21:45,07h 45m,05:30,2.4,350,11 Seats available
Patna to Ranchi Bus,https://www.redbus.in/bus-tickets/patna-to-ranchi,KRISHNA RATH LUXURY,A/C Seater / Sleeper (2+1),21:00,08h 30m,05:30,2.6,618,2 Seats available
Patna to Ranchi Bus,https://www.redbus.in/bus-tickets/patna-to-ranchi,Puja Rath,A/C Seater / Sleeper (2+1),21:00,08h 40m,05:40,2.7,475,18 Seats available
Patna to Ranchi Bus,https://www.redbus.in/bus-tickets/patna-to-ranchi,Rajdhani bus service,A/C Sleeper (2+1),20:05,07h 55m,04:00,2.2,486,34 Seats available
Patna to Ranchi Bus,https://www.redbus.in/bus-tickets/patna-to-ranchi,Sri Krishna Rath,A/C Seater / Sleeper (2+1),22:15,07h 15m,05:30,2.2,486,19 Seats available
Patna to Ranchi Bus,https://www.redbus.in/bus-tickets/patna-to-ranchi,Sri Krishna Rath,A/C Seater / Sleeper (2+2),21:15,07h 15m,04:30,2.2,486,24 Seats available
Patna to Ranchi Bus,https://www.redbus.in/bus-tickets/patna-to-ranchi,Jai Mata Di Tour and Travels,A/C Seater / Sleeper (2+2),21:30,08h 30m,06:00,2.4,486,32 Seats available
Patna to Ranchi Bus,https://www.redbus.in/bus-tickets/patna-to-ranchi,Sri Krishna Rath,A/C Seater/Sleeper (2+1),20:20,08h 25m,04:45,2.2,486,25 Seats available
Patna to Ranchi Bus,https://www.redbus.in/bus-tickets/patna-to-ranchi,Tejas Maa Bhawani,A/C Sleeper (2+1),21:30,08h 30m,06:00,1.9,486,27 Seats available
Patna to Ranchi Bus,https://www.redbus.in/bus-tickets/patna-to-ranchi,Tejas Maa Bhawani,A/C Seater / Sleeper (2+2),20:01,09h 29m,05:30,1.9,486,13 Seats available
Patna to Ranchi Bus,https://www.redbus.in/bus-tickets/patna-to-ranchi,Maharani Express,A/C Seater / Sleeper (2+2),18:00,09h 45m,03:45,2,486,14 Seats available
Patna to Ranchi Bus,https://www.redbus.in/bus-tickets/patna-to-ranchi,Rajdhani bus service,Non A/C Seater / Sleeper (2+1),18:30,08h 45m,03:15,1.8,486,23 Seats available
Patna to Ranchi Bus,https://www.redbus.in/bus-tickets/patna-to-ranchi,Tejas Maa Bhawani,Non AC Seater (2+2),21:30,08h 00m,05:30,1.9,486,20 Seats available
Patna to Ranchi Bus,https://www.redbus.in/bus-tickets/patna-to-ranchi,BD Parivahan,A/C Seater / Sleeper (2+2),20:00,09h 00m,05:00,1.5,486,24 Seats available
Patna to Ranchi Bus,https://www.redbus.in/bus-tickets/patna-to-ranchi,Tejas Maa Bhawani,AC Sleeper (2+1),21:30,08h 30m,06:00,1.9,486,24 Seats available
Ranchi to Patna Bus,https://www.redbus.in/bus-tickets/ranchi-to-patna,Bihar state road transport corporation (BSRTC) - 153614,AC Seater (2+2),20:55,08h 35m,05:30,3.5,486,20 Seats available
Ranchi to Patna Bus,https://www.redbus.in/bus-tickets/ranchi-to-patna,Rekha Luxury,A/C Seater / Sleeper (2+1),20:30,09h 30m,06:00,4,486,25 Seats available
Ranchi to Patna Bus,https://www.redbus.in/bus-tickets/ranchi-to-patna,Prithvi Vahan,Bharat Benz A/C Sleeper (2+1),21:30,07h 40m,05:10,4.7,486,22 Seats available
Ranchi to Patna Bus,https://www.redbus.in/bus-tickets/ranchi-to-patna,Divya Rath,A/C Sleeper (2+1),22:10,07h 20m,05:30,4.3,486,36 Seats available
Ranchi to Patna Bus,https://www.redbus.in/bus-tickets/ranchi-to-patna,Mahuli Travels,A/C Seater/Sleeper (2+1),21:15,09h 00m,06:15,3.8,486,25 Seats available
Ranchi to Patna Bus,https://www.redbus.in/bus-tickets/ranchi-to-patna,Arzoo Travels,Bharat Benz A/C Seater /Sleeper (2+1),21:00,08h 00m,05:00,3.4,486,33 Seats available
Ranchi to Patna Bus,https://www.redbus.in/bus-tickets/ranchi-to-patna,MAA SHANTI TRAVELS,A/C Seater/Sleeper (2+1),21:00,09h 35m,06:35,3.8,486,11 Seats available
Ranchi to Patna Bus,https://www.redbus.in/bus-tickets/ranchi-to-patna,Sri Sai ( Jharkhand Paryatak),A/C Seater / Sleeper (2+1),21:15,08h 45m,06:00,3.6,486,12 Seats available
Ranchi to Patna Bus,https://www.redbus.in/bus-tickets/ranchi-to-patna,VIJAY RATH,A/C Seater / Sleeper (2+1),22:00,08h 10m,06:10,3.1,486,31 Seats available
Ranchi to Patna Bus,https://www.redbus.in/bus-tickets/ranchi-to-patna,Sadhvi Rath,A/C Seater / Sleeper (2+1),20:30,09h 00m,05:30,3.2,486,21 Seats available
Ranchi to Patna Bus,https://www.redbus.in/bus-tickets/ranchi-to-patna,Rajdhani bus service,A/C Sleeper (2+1),23:00,06h 50m,05:50,3.8,486,28 Seats available
Ranchi to Patna Bus,https://www.redbus.in/bus-tickets/ranchi-to-patna,Puja Rath,A/C Seater / Sleeper (2+1),20:30,09h 00m,05:30,3.7,486,30 Seats available
Ranchi to Patna Bus,https://www.redbus.in/bus-tickets/ranchi-to-patna,Chandralok Travels,A/C Seater / Sleeper (2+1),21:35,08h 55m,06:30,3,486,29 Seats available
Ranchi to Patna Bus,https://www.redbus.in/bus-tickets/ranchi-to-patna,Pihu (yvts),A/C Seater / Sleeper (2+1),21:55,08h 15m,06:10,3.3,486,25 Seats available
Ranchi to Patna Bus,https://www.redbus.in/bus-tickets/ranchi-to-patna,Pappu Travels (yvts),A/C Seater/Sleeper (2+1),16:45,09h 55m,02:40,3.3,486,29 Seats available
Ranchi to Patna Bus,https://www.redbus.in/bus-tickets/ranchi-to-patna,KRISHNA RATH LUXURY,A/C Seater / Sleeper (2+1),20:30,09h 00m,05:30,1.1,486,25 Seats available
Ranchi to Patna Bus,https://www.redbus.in/bus-tickets/ranchi-to-patna,BD Parivahan,A/C Seater / Sleeper (2+2),21:00,09h 00m,06:00,1.5,486,33 Seats available
Ranchi to Patna Bus,https://www.redbus.in/bus-tickets/ranchi-to-patna,Udan Pari Dlx,A/C Seater / Sleeper (2+1),17:30,08h 30m,02:00,1.3,486,30 Seats available
Ranchi to Patna Bus,https://www.redbus.in/bus-tickets/ranchi-to-patna,Sri Krishna Rath,A/C Seater / Sleeper (2+2),22:00,08h 00m,06:00,1.6,486,37 Seats available
Ranchi to Patna Bus,https://www.redbus.in/bus-tickets/ranchi-to-patna,Sri Krishna Rath,A/C Seater / Sleeper (2+2),21:15,10h 00m,07:15,1.6,486,17 Seats available
Ranchi to Patna Bus,https://www.redbus.in/bus-tickets/ranchi-to-patna,Sri Krishna Rath,A/C Seater / Sleeper (2+2),22:00,08h 00m,06:00,1.6,486,27 Seats available
Ranchi to Patna Bus,https://www.redbus.in/bus-tickets/ranchi-to-patna,JGD Travels Pvt Ltd.,Bharat Benz A/C Sleeper (2+1),20:35,07h 25m,04:00,1.8,486,32 Seats available
Ranchi to Patna Bus,https://www.redbus.in/bus-tickets/ranchi-to-patna,Rajdhani bus service,Non A/C Seater / Sleeper (2+1),21:40,07h 20m,05:00,2,486,27 Seats available
Ranchi to Patna Bus,https://www.redbus.in/bus-tickets/ranchi-to-patna,Maharani Express,A/C Seater / Sleeper (2+2),23:15,09h 00m,08:15,1.8,486,32 Seats available
Ranchi to Patna Bus,https://www.redbus.in/bus-tickets/ranchi-to-patna,Maa Bhawani Travels,A/C Seater / Sleeper (2+1),17:10,09h 50m,03:00,2.1,486,29 Seats available
Ranchi to Patna Bus,https://www.redbus.in/bus-tickets/ranchi-to-patna,Tejas Maa Bhawani,Non AC Seater (2+2),17:45,10h 16m,04:01,2,486,34 Seats available
Ranchi to Patna Bus,https://www.redbus.in/bus-tickets/ranchi-to-patna,Tejas Maa Bhawani,A/C Sleeper (2+1),18:29,09h 21m,03:50,2,486,25 Seats available
Ranchi to Patna Bus,https://www.redbus.in/bus-tickets/ranchi-to-patna,Tejas Maa Bhawani,A/C Seater / Sleeper (2+2),18:15,09h 46m,04:01,2,486,26 Seats available
Hazaribagh to Patna Bus,https://www.redbus.in/bus-tickets/hazaribagh-to-patna,Bihar state road transport corporation (BSRTC) - 153614,AC Seater (2+2),23:15,06h 15m,05:30,3.6,486,32 Seats available
Hazaribagh to Patna Bus,https://www.redbus.in/bus-tickets/hazaribagh-to-patna,Sadhvi Rath,A/C Seater / Sleeper (2+1),23:28,06h 02m,05:30,4.4,486,29 Seats available
Hazaribagh to Patna Bus,https://www.redbus.in/bus-tickets/hazaribagh-to-patna,MAA SHANTI TRAVELS,A/C Seater/Sleeper (2+1),23:30,07h 05m,06:35,3.6,486,36 Seats available
Hazaribagh to Patna Bus,https://www.redbus.in/bus-tickets/hazaribagh-to-patna,Rekha Luxury,A/C Seater / Sleeper (2+1),23:35,06h 25m,06:00,3.4,1520,36 Seats available
Hazaribagh to Patna Bus,https://www.redbus.in/bus-tickets/hazaribagh-to-patna,Prithvi Vahan,Bharat Benz A/C Sleeper (2+1),23:45,05h 25m,05:10,4.4,1140,11 Seats available
Hazaribagh to Patna Bus,https://www.redbus.in/bus-tickets/hazaribagh-to-patna,Pappu Travels (yvts),A/C Seater/Sleeper (2+1),20:00,06h 40m,02:40,2.9,165,49 Seats available
Hazaribagh to Patna Bus,https://www.redbus.in/bus-tickets/hazaribagh-to-patna,Tejas Maa Bhawani,Non AC Seater (2+2),21:00,07h 01m,04:01,2,161,24 Seats available
Hazaribagh to Patna Bus,https://www.redbus.in/bus-tickets/hazaribagh-to-patna,Tejas Maa Bhawani,A/C Seater / Sleeper (2+2),21:35,06h 26m,04:01,2,161,24 Seats available
Hazaribagh to Patna Bus,https://www.redbus.in/bus-tickets/hazaribagh-to-patna,Tejas Maa Bhawani,A/C Sleeper (2+1),21:45,06h 05m,03:50,2,161,46 Seats available
Hazaribagh to Patna Bus,https://www.redbus.in/bus-tickets/hazaribagh-to-patna,Arzoo Travels,Bharat Benz A/C Seater /Sleeper (2+1),23:30,05h 30m,05:00,1.2,161,10 Seats available
Hazaribagh to Patna Bus,https://www.redbus.in/bus-tickets/hazaribagh-to-patna,Rajdhani bus service,Non A/C Seater / Sleeper (2+1),23:45,05h 15m,05:00,2.3,165,47 Seats available
Hazaribagh to Patna Bus,https://www.redbus.in/bus-tickets/hazaribagh-to-patna,BD Parivahan,A/C Seater / Sleeper (2+2),23:50,06h 10m,06:00,1.5,161,21 Seats available
Hazaribagh to Patna Bus,https://www.redbus.in/bus-tickets/hazaribagh-to-patna,Sri Krishna Rath,A/C Seater / Sleeper (2+2),23:55,06h 05m,06:00,1.6,161,24 Seats available
Hazaribagh to Patna Bus,https://www.redbus.in/bus-tickets/hazaribagh-to-patna,Mahuli Travels,A/C Seater/Sleeper (2+1),23:59,06h 16m,06:15,2.9,410,6 Seats available
Patna to Purnea Bus,https://www.redbus.in/bus-tickets/patna-to-purnea,Bihar state road transport corporation (BSRTC) - 142847,AC Seater (2+2),21:25,08h 15m,05:40,3.5,161,38 Seats available
Patna to Purnea Bus,https://www.redbus.in/bus-tickets/patna-to-purnea,AITIANA CRUISELINERS,Bharat Benz A/C Seater /Sleeper (2+1),20:20,09h 10m,05:30,4.2,161,47 Seats available
Patna to Purnea Bus,https://www.redbus.in/bus-tickets/patna-to-purnea,MAA SHANTI TRAVELS,A/C Seater / Sleeper (2+1),21:25,08h 55m,06:20,4.1,410,33 Seats available
Patna to Purnea Bus,https://www.redbus.in/bus-tickets/patna-to-purnea,Divya Rath,A/C Sleeper (2+1),20:45,09h 00m,05:45,4.3,161,29 Seats available
Patna to Purnea Bus,https://www.redbus.in/bus-tickets/patna-to-purnea,MAA SHANTI TRAVELS,A/C Seater / Sleeper (2+1),22:10,08h 25m,06:35,4.1,161,47 Seats available
Patna to Purnea Bus,https://www.redbus.in/bus-tickets/patna-to-purnea,Aitiana Airwings,Benz A/C Sleeper (2+1),21:00,09h 00m,06:00,4.1,170,30 Seats available
Patna to Purnea Bus,https://www.redbus.in/bus-tickets/patna-to-purnea,Raj Bus Services,A/C Seater / Sleeper (2+1),19:25,09h 40m,05:05,4.3,170,41 Seats available
Patna to Purnea Bus,https://www.redbus.in/bus-tickets/patna-to-purnea,MAA KAMAKHYA DREAMLINER,A/C Seater / Sleeper (2+1),20:40,08h 20m,05:00,3.5,170,41 Seats available
Patna to Purnea Bus,https://www.redbus.in/bus-tickets/patna-to-purnea,Mahuli Travels,A/C Seater / Sleeper (2+1),20:50,09h 00m,05:50,3.7,170,49 Seats available
Patna to Purnea Bus,https://www.redbus.in/bus-tickets/patna-to-purnea,Shatabdi Travels,A/C Seater / Sleeper (2+1),21:00,09h 00m,06:00,3.1,345,24 Seats available
Patna to Purnea Bus,https://www.redbus.in/bus-tickets/patna-to-purnea,Raj Bus Services,A/C Seater / Sleeper (2+2),16:06,11h 29m,03:35,3.9,170,52 Seats available
Patna to Purnea Bus,https://www.redbus.in/bus-tickets/patna-to-purnea,Raj Bus Services,A/C Seater / Sleeper (2+1),16:55,10h 10m,03:05,3.9,170,50 Seats available
Patna to Purnea Bus,https://www.redbus.in/bus-tickets/patna-to-purnea,Sri Krishna Tours and Travels,A/C Seater / Sleeper (2+2),20:30,08h 50m,05:20,3.2,315,2 Seats available
Patna to Purnea Bus,https://www.redbus.in/bus-tickets/patna-to-purnea,Raj Bus Services,Bharat Benz A/C Seater /Sleeper (2+1),18:25,09h 10m,03:35,3.9,352,6 Seats available
Patna to Purnea Bus,https://www.redbus.in/bus-tickets/patna-to-purnea,Sri Krishna Tours and Travels,A/C Seater / Sleeper (2+1),20:25,08h 50m,05:15,3.2,370,5 Seats available
Patna to Purnea Bus,https://www.redbus.in/bus-tickets/patna-to-purnea,Maa Satyabhama Rath,A/C Seater / Sleeper (2+1),21:00,09h 00m,06:00,3.7,370,1 Seat available
Patna to Purnea Bus,https://www.redbus.in/bus-tickets/patna-to-purnea,Raj Bus Services,Bharat Benz A/C Seater /Sleeper (2+1),20:35,09h 00m,05:35,3.1,352,19 Seats available
Patna to Purnea Bus,https://www.redbus.in/bus-tickets/patna-to-purnea,Hawa Hawai,A/C Seater / Sleeper (2+1),20:00,09h 00m,05:00,2.3,450,60 Seats available
Patna to Purnea Bus,https://www.redbus.in/bus-tickets/patna-to-purnea,Raj Rath,A/C Seater / Sleeper (2+2),20:30,08h 45m,05:15,2.4,399,31 Seats available
Patna to Purnea Bus,https://www.redbus.in/bus-tickets/patna-to-purnea,Sameer Travels (GT),A/C Seater / Sleeper (2+2),16:30,10h 00m,02:30,2.7,304,38 Seats available
Patna to Purnea Bus,https://www.redbus.in/bus-tickets/patna-to-purnea,Jay Jagdambay Tour And Travels,A/C Seater / Sleeper (2+1),17:00,09h 30m,02:30,2.1,420,27 Seats available
Patna to Purnea Bus,https://www.redbus.in/bus-tickets/patna-to-purnea,Shivam Travels,NON A/C Seater / Sleeper (2+2),21:00,09h 30m,06:30,1.1,356,31 Seats available
Patna to Purnea Bus,https://www.redbus.in/bus-tickets/patna-to-purnea,Sree Balaji Travels,A/C Seater / Sleeper (2+1),20:15,08h 45m,05:00,1.7,333,54 Seats available
Patna to Purnea Bus,https://www.redbus.in/bus-tickets/patna-to-purnea,Sri Krishna Rath,A/C Seater / Sleeper (2+2),20:00,09h 15m,05:15,2.1,475,18 Seats available
Patna to Purnea Bus,https://www.redbus.in/bus-tickets/patna-to-purnea,Sri Krishna Rath,A/C Seater / Sleeper (2+2),19:00,09h 15m,04:15,2.2,370,21 Seats available
Patna to Purnea Bus,https://www.redbus.in/bus-tickets/patna-to-purnea,Sadhvi Rath,A/C Seater / Sleeper (2+1),20:20,10h 00m,06:20,2.7,650,39 Seats available
Patna to Purnea Bus,https://www.redbus.in/bus-tickets/patna-to-purnea,Aarush Krrish,A/C Seater / Sleeper (2+1),21:00,09h 00m,06:00,2,570,19 Seats available
Patna to Purnea Bus,https://www.redbus.in/bus-tickets/patna-to-purnea,Sri Krishna Rath,A/C Seater / Sleeper (2+2),21:00,09h 15m,06:15,2.1,570,75 Seats available
Patna to Purnea Bus,https://www.redbus.in/bus-tickets/patna-to-purnea,Aitiana Travels,NON A/C Seater / Sleeper (2+2),19:00,10h 30m,05:30,2.9,161,11 Seats available
Ranchi to Muzaffarpur Bus,https://www.redbus.in/bus-tickets/ranchi-to-muzaffarpur,Bihar state road transport corporation (BSRTC) - 153614,AC Seater (2+2),20:55,10h 35m,07:30,3.1,161,5 Seats available
Ranchi to Muzaffarpur Bus,https://www.redbus.in/bus-tickets/ranchi-to-muzaffarpur,JGD Travels Pvt Ltd.,Bharat Benz A/C Sleeper (2+1),20:35,09h 40m,06:15,3.8,161,4 Seats available
Ranchi to Muzaffarpur Bus,https://www.redbus.in/bus-tickets/ranchi-to-muzaffarpur,Jai Mata Di Tour and Travels,A/C Seater / Sleeper (2+2),18:45,09h 30m,04:15,1.8,161,8 Seats available
Ranchi to Muzaffarpur Bus,https://www.redbus.in/bus-tickets/ranchi-to-muzaffarpur,Tejas Maa Bhawani,A/C Seater / Sleeper (2+2),18:15,11h 15m,05:30,1.7,410,2 Seats available
Ranchi to Muzaffarpur Bus,https://www.redbus.in/bus-tickets/ranchi-to-muzaffarpur,Tejas Maa Bhawani,A/C Sleeper (2+1),18:29,10h 46m,05:15,1.6,161,6 Seats available
Ranchi to Muzaffarpur Bus,https://www.redbus.in/bus-tickets/ranchi-to-muzaffarpur,Jai Mata Di Tour and Travels,AC Seater (2+2),20:00,09h 00m,05:00,2.3,161,13 Seats available
Ranchi to Muzaffarpur Bus,https://www.redbus.in/bus-tickets/ranchi-to-muzaffarpur,Tejas Maa Bhawani,Non AC Seater (2+2),17:45,11h 45m,05:30,1.6,161,29 Seats available
Ranchi to Muzaffarpur Bus,https://www.redbus.in/bus-tickets/ranchi-to-muzaffarpur,Sri Krishna Rath,A/C Seater / Sleeper (2+2),21:15,12h 00m,09:15,1,161,41 Seats available
Ranchi to Muzaffarpur Bus,https://www.redbus.in/bus-tickets/ranchi-to-muzaffarpur,Sri Krishna Rath,A/C Seater / Sleeper (2+2),22:00,10h 00m,08:00,1,161,41 Seats available
Patna to Hazaribagh Bus,https://www.redbus.in/bus-tickets/patna-to-hazaribagh,Bihar state road transport corporation (BSRTC) - 153594,AC Seater (2+2),20:41,07h 19m,04:00,3,161,43 Seats available
Patna to Hazaribagh Bus,https://www.redbus.in/bus-tickets/patna-to-hazaribagh,Rajdhani bus service,Non A/C Seater / Sleeper (2+1),18:30,07h 00m,01:30,3.4,161,49 Seats available
Patna to Hazaribagh Bus,https://www.redbus.in/bus-tickets/patna-to-hazaribagh,Rekha Luxury,A/C Seater / Sleeper (2+1),20:00,08h 00m,04:00,4.1,161,49 Seats available
Patna to Hazaribagh Bus,https://www.redbus.in/bus-tickets/patna-to-hazaribagh,Arzoo Travels,Bharat Benz A/C Seater /Sleeper (2+1),20:30,06h 00m,02:30,3,161,42 Seats available
Patna to Hazaribagh Bus,https://www.redbus.in/bus-tickets/patna-to-hazaribagh,Sri Sai ( Jharkhand Paryatak),A/C Seater / Sleeper (2+1),20:45,07h 30m,04:15,3.5,170,23 Seats available
Patna to Hazaribagh Bus,https://www.redbus.in/bus-tickets/patna-to-hazaribagh,Puja Rath,A/C Seater / Sleeper (2+1),21:00,06h 30m,03:30,1.8,170,40 Seats available
Patna to Hazaribagh Bus,https://www.redbus.in/bus-tickets/patna-to-hazaribagh,KRISHNA RATH LUXURY,A/C Seater / Sleeper (2+1),21:00,06h 00m,03:00,2,345,29 Seats available
Patna to Hazaribagh Bus,https://www.redbus.in/bus-tickets/patna-to-hazaribagh,Sri Krishna Rath,A/C Seater / Sleeper (2+2),21:15,06h 15m,03:30,2.2,170,29 Seats available
Patna to Hazaribagh Bus,https://www.redbus.in/bus-tickets/patna-to-hazaribagh,Chandralok Travels,A/C Seater / Sleeper (2+1),21:20,07h 10m,04:30,2.2,170,37 Seats available
Patna to Hazaribagh Bus,https://www.redbus.in/bus-tickets/patna-to-hazaribagh,Tejas Maa Bhawani,Non AC Seater (2+2),21:30,05h 00m,02:30,2,170,44 Seats available
Patna to Hazaribagh Bus,https://www.redbus.in/bus-tickets/patna-to-hazaribagh,Rajshri Travels,A/C Seater / Sleeper (2+1),22:00,07h 00m,05:00,2.7,170,51 Seats available
Patna to Hazaribagh Bus,https://www.redbus.in/bus-tickets/patna-to-hazaribagh,Sri Krishna Rath,A/C Seater / Sleeper (2+1),22:15,06h 15m,04:30,2.2,475,16 Seats available
Patna to Hazaribagh Bus,https://www.redbus.in/bus-tickets/patna-to-hazaribagh,Shubham Travels,A/C Seater / Sleeper (2+1),19:30,06h 20m,01:50,2.2,475,40 Seats available
Patna to Hazaribagh Bus,https://www.redbus.in/bus-tickets/patna-to-hazaribagh,Divya Rath,A/C Sleeper (2+1),20:15,06h 45m,03:00,4.2,342,16 Seats available
Patna to Hazaribagh Bus,https://www.redbus.in/bus-tickets/patna-to-hazaribagh,MAA SHANTI TRAVELS,A/C Seater / Sleeper (2+1),20:27,06h 48m,03:15,4,370,2 Seats available
Patna to Hazaribagh Bus,https://www.redbus.in/bus-tickets/patna-to-hazaribagh,Mahuli Travels,A/C Seater / Sleeper (2+1),21:00,07h 00m,04:00,3.2,370,1 Seat available
Patna to Hazaribagh Bus,https://www.redbus.in/bus-tickets/patna-to-hazaribagh,MAA SHANTI TRAVELS,A/C Seater/Sleeper (2+1),21:25,07h 25m,04:50,4.5,342,11 Seats available
Patna to Hazaribagh Bus,https://www.redbus.in/bus-tickets/patna-to-hazaribagh,MAA SHANTI TRAVELS,Non A/C Seater / Sleeper (2+1),21:40,06h 05m,03:45,4,450,29 Seats available
Patna to Hazaribagh Bus,https://www.redbus.in/bus-tickets/patna-to-hazaribagh,Maharani Express,A/C Seater / Sleeper (2+2),18:00,06h 55m,00:55,2.3,333,7 Seats available
Patna to Hazaribagh Bus,https://www.redbus.in/bus-tickets/patna-to-hazaribagh,BD Parivahan,A/C Seater / Sleeper (2+2),20:00,07h 00m,03:00,1.5,475,9 Seats available
Patna to Hazaribagh Bus,https://www.redbus.in/bus-tickets/patna-to-hazaribagh,Tejas Maa Bhawani,A/C Seater / Sleeper (2+2),20:01,06h 29m,02:30,2,475,16 Seats available
Patna to Hazaribagh Bus,https://www.redbus.in/bus-tickets/patna-to-hazaribagh,Sri Krishna Rath,A/C Seater/Sleeper (2+1),20:20,07h 25m,03:45,2.2,389,16 Seats available
Patna to Hazaribagh Bus,https://www.redbus.in/bus-tickets/patna-to-hazaribagh,Pappu Travels (yvts),A/C Seater/Sleeper (2+1),21:30,06h 00m,03:30,2.9,650,2 Seats available
Patna to Hazaribagh Bus,https://www.redbus.in/bus-tickets/patna-to-hazaribagh,Tejas Maa Bhawani,A/C Sleeper (2+1),21:30,06h 30m,04:00,2,190,41 Seats available
Patna to Hazaribagh Bus,https://www.redbus.in/bus-tickets/patna-to-hazaribagh,Tejas Maa Bhawani,AC Sleeper (2+1),21:30,05h 55m,03:25,2,190,52 Seats available
Katihar to Patna Bus,https://www.redbus.in/bus-tickets/katihar-to-patna,Bihar state road transport corporation (BSRTC) - 156563,AC Seater (2+2),18:00,10h 00m,04:00,3.3,195,48 Seats available
Katihar to Patna Bus,https://www.redbus.in/bus-tickets/katihar-to-patna,SOBHA TRAVELS (A.T),A/C Seater / Sleeper (2+1),20:00,09h 00m,05:00,1.8,190,45 Seats available
Muzaffarpur to Hazaribagh Bus,https://www.redbus.in/bus-tickets/muzaffarpur-to-hazaribagh,Bihar state road transport corporation (BSRTC) - 153594,AC Seater (2+2),18:00,10h 00m,04:00,3.9,190,46 Seats available
Muzaffarpur to Hazaribagh Bus,https://www.redbus.in/bus-tickets/muzaffarpur-to-hazaribagh,Pawapuri Motors,A/C Seater / Sleeper (2+1),17:30,09h 30m,03:00,2.9,190,46 Seats available
Muzaffarpur to Hazaribagh Bus,https://www.redbus.in/bus-tickets/muzaffarpur-to-hazaribagh,Tejas Maa Bhawani,A/C Seater / Sleeper (2+2),19:00,07h 30m,02:30,2,190,50 Seats available
Muzaffarpur to Hazaribagh Bus,https://www.redbus.in/bus-tickets/muzaffarpur-to-hazaribagh,Tejas Maa Bhawani,AC Sleeper (2+1),18:45,08h 40m,03:25,2,190,52 Seats available
Muzaffarpur to Hazaribagh Bus,https://www.redbus.in/bus-tickets/muzaffarpur-to-hazaribagh,Tejas Maa Bhawani,A/C Sleeper (2+1),19:05,08h 55m,04:00,2,190,49 Seats available
Muzaffarpur to Hazaribagh Bus,https://www.redbus.in/bus-tickets/muzaffarpur-to-hazaribagh,Tejas Maa Bhawani,Non AC Seater (2+2),18:30,08h 00m,02:30,2,190,50 Seats available
Patna to Raxaul Bus,https://www.redbus.in/bus-tickets/patna-to-raxaul,Bihar state road transport corporation (BSRTC) - 150571,Non AC Seater (2+2),21:20,07h 10m,04:30,3.3,435,30 Seats available
Patna to Raxaul Bus,https://www.redbus.in/bus-tickets/patna-to-raxaul,sapna travels(A.T),A/C Seater / Sleeper (2+2),21:00,08h 00m,05:00,2.8,435,35 Seats available
Patna to Raxaul Bus,https://www.redbus.in/bus-tickets/patna-to-raxaul,Jai Hanuman Travels,A/C Seater / Sleeper (2+2),22:00,07h 00m,05:00,2.2,162,7 Seats available
Hazaribagh to Muzaffarpur Bus,https://www.redbus.in/bus-tickets/hazaribagh-to-muzaffarpur,Bihar state road transport corporation (BSRTC) - 153614,AC Seater (2+2),23:15,08h 15m,07:30,2.8,162,43 Seats available
Hazaribagh to Muzaffarpur Bus,https://www.redbus.in/bus-tickets/hazaribagh-to-muzaffarpur,Pawapuri Motors,A/C Seater / Sleeper (2+1),21:45,08h 00m,05:45,2.1,162,15 Seats available
Hazaribagh to Muzaffarpur Bus,https://www.redbus.in/bus-tickets/hazaribagh-to-muzaffarpur,Tejas Maa Bhawani,A/C Seater / Sleeper (2+2),21:35,07h 55m,05:30,2,155,5 Seats available
Hazaribagh to Muzaffarpur Bus,https://www.redbus.in/bus-tickets/hazaribagh-to-muzaffarpur,Tejas Maa Bhawani,A/C Sleeper (2+1),21:45,07h 30m,05:15,2,162,42 Seats available
Hazaribagh to Muzaffarpur Bus,https://www.redbus.in/bus-tickets/hazaribagh-to-muzaffarpur,Tejas Maa Bhawani,Non AC Seater (2+2),21:00,08h 30m,05:30,2,154,15 Seats available
Patna to Forbesganj Bus,https://www.redbus.in/bus-tickets/patna-to-forbesganj,Bihar state road transport corporation (BSRTC) - 142847,AC Seater (2+2),21:25,06h 35m,04:00,3.7,155,52 Seats available
Patna to Forbesganj Bus,https://www.redbus.in/bus-tickets/patna-to-forbesganj,MAA SHANTI TRAVELS,A/C Seater / Sleeper (2+1),21:25,07h 00m,04:25,3.7,170,9 Seats available
Patna to Forbesganj Bus,https://www.redbus.in/bus-tickets/patna-to-forbesganj,Divya Rath,A/C Sleeper (2+1),20:45,07h 00m,03:45,4.7,162,43 Seats available
Patna to Forbesganj Bus,https://www.redbus.in/bus-tickets/patna-to-forbesganj,MAA SHANTI TRAVELS,A/C Seater / Sleeper (2+1),22:10,06h 15m,04:25,4.4,155,52 Seats available
Patna to Forbesganj Bus,https://www.redbus.in/bus-tickets/patna-to-forbesganj,Raj Bus Services,Bharat Benz A/C Seater /Sleeper (2+1),20:35,07h 30m,04:05,3.4,155,28 Seats available
Patna to Forbesganj Bus,https://www.redbus.in/bus-tickets/patna-to-forbesganj,Raj Bus Services,A/C Seater / Sleeper (2+1),16:55,09h 10m,02:05,3.4,154,49 Seats available
Patna to Forbesganj Bus,https://www.redbus.in/bus-tickets/patna-to-forbesganj,Chandralok Bus Service,A/C Seater / Sleeper (2+2),21:10,07h 20m,04:30,2.2,162,13 Seats available
Patna to Forbesganj Bus,https://www.redbus.in/bus-tickets/patna-to-forbesganj,Chandralok Bus Service,A/C Seater / Sleeper (2+2),21:00,07h 30m,04:30,2.2,155,52 Seats available
Patna to Forbesganj Bus,https://www.redbus.in/bus-tickets/patna-to-forbesganj,Raj Bus Services,A/C Seater / Sleeper (2+1),19:25,08h 40m,04:05,3.4,154,48 Seats available
Patna to Forbesganj Bus,https://www.redbus.in/bus-tickets/patna-to-forbesganj,Raj Bus Services,Bharat Benz A/C Seater /Sleeper (2+1),18:25,07h 50m,02:15,3.4,320,19 Seats available
Patna to Forbesganj Bus,https://www.redbus.in/bus-tickets/patna-to-forbesganj,Maa Satyabhama Rath,A/C Seater / Sleeper (2+1),21:00,07h 45m,04:45,3.6,170,41 Seats available
Patna to Forbesganj Bus,https://www.redbus.in/bus-tickets/patna-to-forbesganj,Sadhvi Rath,A/C Seater / Sleeper (2+1),20:20,06h 45m,03:05,3.1,310,33 Seats available
Patna to Forbesganj Bus,https://www.redbus.in/bus-tickets/patna-to-forbesganj,Shatabdi Travels,A/C Seater / Sleeper (2+1),21:00,07h 45m,04:45,2.5,310,1 Seat available
Patna to Forbesganj Bus,https://www.redbus.in/bus-tickets/patna-to-forbesganj,Shri Sai Krishna Luxury,A/C Seater / Sleeper (2+1),21:15,07h 30m,04:45,2.2,155,52 Seats available
Patna to Forbesganj Bus,https://www.redbus.in/bus-tickets/patna-to-forbesganj,Aarush Krrish,A/C Seater / Sleeper (2+1),21:00,07h 00m,04:00,2.3,155,35 Seats available
Patna to Forbesganj Bus,https://www.redbus.in/bus-tickets/patna-to-forbesganj,Mahuli Travels,A/C Seater / Sleeper (2+1),20:50,07h 10m,04:00,3.7,155,52 Seats available
Patna to Forbesganj Bus,https://www.redbus.in/bus-tickets/patna-to-forbesganj,Sri Krishna Tours and Travels,A/C Seater / Sleeper (2+2),20:30,07h 40m,04:10,3.2,410,50 Seats available
Patna to Forbesganj Bus,https://www.redbus.in/bus-tickets/patna-to-forbesganj,Sri Krishna Rath,A/C Seater / Sleeper (2+2),20:00,07h 30m,03:30,1.6,155,52 Seats available
Patna to Forbesganj Bus,https://www.redbus.in/bus-tickets/patna-to-forbesganj,Sri Krishna Rath,A/C Seater / Sleeper (2+2),21:00,07h 30m,04:30,1.6,155,52 Seats available
Patna to Forbesganj Bus,https://www.redbus.in/bus-tickets/patna-to-forbesganj,Sri Krishna Rath,A/C Seater / Sleeper (2+2),19:00,07h 30m,02:30,2.2,155,52 Seats available
Patna to Darbhanga Bus,https://www.redbus.in/bus-tickets/patna-to-darbhanga,Yogmaya,NON A/C Seater / Sleeper (2+2),20:45,05h 45m,02:30,3.5,155,52 Seats available
Patna to Darbhanga Bus,https://www.redbus.in/bus-tickets/patna-to-darbhanga,Shiv Ganga Travels,NON A/C Seater (2+2),15:29,04h 01m,19:30,1.2,155,49 Seats available
Patna to Darbhanga Bus,https://www.redbus.in/bus-tickets/patna-to-darbhanga,Shiv Ganga Travels,NON A/C Seater (2+2),17:09,04h 21m,21:30,1.2,155,52 Seats available
Patna to Darbhanga Bus,https://www.redbus.in/bus-tickets/patna-to-darbhanga,Sri Krishna Rath,A/C Seater / Sleeper (2+2),19:00,03h 00m,22:00,2.2,155,52 Seats available
Patna to Darbhanga Bus,https://www.redbus.in/bus-tickets/patna-to-darbhanga,Ayan Benz,A/C Seater / Sleeper (2+1),20:00,04h 30m,00:30,1,155,51 Seats available
Patna to Darbhanga Bus,https://www.redbus.in/bus-tickets/patna-to-darbhanga,Sri Krishna Rath,A/C Seater / Sleeper (2+2),20:00,03h 00m,23:00,1.6,155,52 Seats available
Patna to Darbhanga Bus,https://www.redbus.in/bus-tickets/patna-to-darbhanga,Krishna Airwings,A/C Seater / Sleeper (2+2),20:30,03h 00m,23:30,1,162,52 Seats available
Patna to Darbhanga Bus,https://www.redbus.in/bus-tickets/patna-to-darbhanga,Chandralok Bus Service,A/C Seater / Sleeper (2+2),21:10,03h 50m,01:00,2.2,155,21 Seats available
Patna to Darbhanga Bus,https://www.redbus.in/bus-tickets/patna-to-darbhanga,Sri Krishna Tours and Travels,A/C Seater / Sleeper (2+1),20:25,03h 20m,23:45,2.9,155,42 Seats available
Patna to Darbhanga Bus,https://www.redbus.in/bus-tickets/patna-to-darbhanga,Sri Krishna Tours and Travels,A/C Seater / Sleeper (2+2),20:30,03h 20m,23:50,2.9,157,54 Seats available
Patna to Darbhanga Bus,https://www.redbus.in/bus-tickets/patna-to-darbhanga,Chandralok Bus Service,A/C Seater / Sleeper (2+2),21:00,04h 00m,01:00,2.2,156,47 Seats available
Patna to Darbhanga Bus,https://www.redbus.in/bus-tickets/patna-to-darbhanga,Sri Krishna Rath,A/C Seater / Sleeper (2+2),21:00,03h 00m,00:00,1.6,145,42 Seats available
Patna to Darbhanga Bus,https://www.redbus.in/bus-tickets/patna-to-darbhanga,MAA SHANTI TRAVELS,A/C Seater / Sleeper (2+1),21:25,03h 55m,01:20,2.7,157,49 Seats available
Patna to Darbhanga Bus,https://www.redbus.in/bus-tickets/patna-to-darbhanga,MAA SHANTI TRAVELS,A/C Seater / Sleeper (2+1),22:10,03h 10m,01:20,2.4,151,49 Seats available
Patna to Saharsa Bus,https://www.redbus.in/bus-tickets/patna-to-saharsa,Bihar state road transport corporation (BSRTC) - 152896,Non AC Seater (2+2),21:59,08h 01m,06:00,3.2,145,47 Seats available
Patna to Saharsa Bus,https://www.redbus.in/bus-tickets/patna-to-saharsa,Sri Krishna Rath,A/C Seater / Sleeper (2+2),19:00,07h 30m,02:30,2.2,159,30 Seats available
Patna to Saharsa Bus,https://www.redbus.in/bus-tickets/patna-to-saharsa,Tiwari Motors,A/C Seater / Sleeper (2+1),20:00,09h 05m,05:05,2,370,9 Seats available
Patna to Saharsa Bus,https://www.redbus.in/bus-tickets/patna-to-saharsa,Sri Krishna Rath,A/C Seater / Sleeper (2+2),20:00,07h 30m,03:30,1.6,145,54 Seats available
Patna to Saharsa Bus,https://www.redbus.in/bus-tickets/patna-to-saharsa,Raj Rath,A/C Seater / Sleeper (2+2),21:00,09h 00m,06:00,2.5,151,49 Seats available
Patna to Saharsa Bus,https://www.redbus.in/bus-tickets/patna-to-saharsa,Sri Krishna Rath,A/C Seater / Sleeper (2+2),21:00,07h 30m,04:30,1.6,145,49 Seats available
Patna to Araria (Bihar) Bus,https://www.redbus.in/bus-tickets/patna-to-araria,Bihar state road transport corporation (BSRTC) - 142847,AC Seater (2+2),21:25,07h 10m,04:35,2.9,370,9 Seats available
Patna to Araria (Bihar) Bus,https://www.redbus.in/bus-tickets/patna-to-araria,MAA SHANTI TRAVELS,A/C Seater / Sleeper (2+1),21:25,08h 05m,05:30,3.8,145,49 Seats available
Patna to Araria (Bihar) Bus,https://www.redbus.in/bus-tickets/patna-to-araria,Sadhvi Rath,A/C Seater / Sleeper (2+1),20:20,08h 50m,05:10,3.2,145,49 Seats available
Patna to Araria (Bihar) Bus,https://www.redbus.in/bus-tickets/patna-to-araria,Divya Rath,A/C Sleeper (2+1),20:45,08h 00m,04:45,4.4,155,47 Seats available
Patna to Araria (Bihar) Bus,https://www.redbus.in/bus-tickets/patna-to-araria,Hawa Hawai,A/C Seater / Sleeper (2+1),20:00,08h 00m,04:00,3,145,47 Seats available
Patna to Araria (Bihar) Bus,https://www.redbus.in/bus-tickets/patna-to-araria,AITIANA CRUISELINERS,Bharat Benz A/C Seater /Sleeper (2+1),20:20,08h 10m,04:30,3.3,151,49 Seats available
Patna to Araria (Bihar) Bus,https://www.redbus.in/bus-tickets/patna-to-araria,MAA SHANTI TRAVELS,A/C Seater / Sleeper (2+1),22:10,07h 16m,05:26,4,145,49 Seats available
Patna to Araria (Bihar) Bus,https://www.redbus.in/bus-tickets/patna-to-araria,Maa Satyabhama Rath,A/C Seater / Sleeper (2+1),21:00,08h 30m,05:30,4,145,31 Seats available
Patna to Araria (Bihar) Bus,https://www.redbus.in/bus-tickets/patna-to-araria,Shatabdi Travels,A/C Seater / Sleeper (2+1),21:00,08h 00m,05:00,3.4,145,23 Seats available
Patna to Araria (Bihar) Bus,https://www.redbus.in/bus-tickets/patna-to-araria,Mahuli Travels,A/C Seater / Sleeper (2+1),20:50,07h 55m,04:45,3.7,145,23 Seats available
Patna to Araria (Bihar) Bus,https://www.redbus.in/bus-tickets/patna-to-araria,Sri Krishna Tours and Travels,A/C Seater / Sleeper (2+2),20:30,08h 25m,04:55,3.2,145,33 Seats available
Patna to Araria (Bihar) Bus,https://www.redbus.in/bus-tickets/patna-to-araria,Sri Krishna Rath,A/C Seater / Sleeper (2+2),20:00,08h 50m,04:50,1.6,399,19 Seats available
Patna to Araria (Bihar) Bus,https://www.redbus.in/bus-tickets/patna-to-araria,Sri Krishna Rath,A/C Seater / Sleeper (2+2),21:00,08h 45m,05:45,1.6,400,7 Seats available
Patna to Araria (Bihar) Bus,https://www.redbus.in/bus-tickets/patna-to-araria,Sri Krishna Rath,A/C Seater / Sleeper (2+2),19:00,08h 50m,03:50,2.2,350,11 Seats available
Purnea to Patna Bus,https://www.redbus.in/bus-tickets/purnea-to-patna,Bihar state road transport corporation (BSRTC) - 156563,AC Seater (2+2),19:00,09h 00m,04:00,3.1,450,28 Seats available
Purnea to Patna Bus,https://www.redbus.in/bus-tickets/purnea-to-patna,Aitiana Airwings,Benz A/C Sleeper (2+1),21:00,08h 00m,05:00,4.3,350,12 Seats available
Purnea to Patna Bus,https://www.redbus.in/bus-tickets/purnea-to-patna,AITIANA CRUISELINERS,A/C Seater / Sleeper (2+1),21:00,09h 00m,06:00,3.7,400,6 Seats available
Purnea to Patna Bus,https://www.redbus.in/bus-tickets/purnea-to-patna,Sadhvi Rath,A/C Seater / Sleeper (2+1),19:36,10h 00m,05:36,4.1,370,31 Seats available
Purnea to Patna Bus,https://www.redbus.in/bus-tickets/purnea-to-patna,Aarush Krrish,A/C Seater / Sleeper (2+1),21:00,08h 30m,05:30,2.8,285,29 Seats available
Purnea to Patna Bus,https://www.redbus.in/bus-tickets/purnea-to-patna,Maa Satyabhama Rath,A/C Seater / Sleeper (2+1),21:00,09h 00m,06:00,4.1,499,45 Seats available
Purnea to Patna Bus,https://www.redbus.in/bus-tickets/purnea-to-patna,Divya Rath,A/C Sleeper (2+1),20:30,09h 00m,05:30,3.6,370,1 Seat available
Purnea to Patna Bus,https://www.redbus.in/bus-tickets/purnea-to-patna,Raj Bus Services,A/C Seater / Sleeper (2+2),22:45,09h 00m,07:45,3.4,370,27 Seats available
Purnea to Patna Bus,https://www.redbus.in/bus-tickets/purnea-to-patna,Aitiana Travels,NON A/C Seater / Sleeper (2+2),20:00,10h 00m,06:00,4,400,7 Seats available
Purnea to Patna Bus,https://www.redbus.in/bus-tickets/purnea-to-patna,Shree Sai Krishna Luxury,A/C Seater / Sleeper (2+1),20:00,09h 00m,05:00,4,285,10 Seats available
Purnea to Patna Bus,https://www.redbus.in/bus-tickets/purnea-to-patna,Shatabdi Travels,A/C Seater / Sleeper (2+1),19:50,09h 00m,04:50,3,499,34 Seats available
Purnea to Patna Bus,https://www.redbus.in/bus-tickets/purnea-to-patna,Meera Travels (Yvts),A/C Seater / Sleeper (2+1),20:15,10h 00m,06:15,1.3,365,20 Seats available
Purnea to Patna Bus,https://www.redbus.in/bus-tickets/purnea-to-patna,Sree Balaji Travels,A/C Seater / Sleeper (2+1),19:30,09h 00m,04:30,1,320,12 Seats available
Purnea to Patna Bus,https://www.redbus.in/bus-tickets/purnea-to-patna,Sameer Travels (GT),A/C Seater / Sleeper (2+2),23:40,06h 50m,06:30,2,474,14 Seats available
Purnea to Patna Bus,https://www.redbus.in/bus-tickets/purnea-to-patna,Sri Krishna Rath,A/C Seater / Sleeper (2+2),21:00,07h 15m,04:15,1.1,370,35 Seats available
Purnea to Patna Bus,https://www.redbus.in/bus-tickets/purnea-to-patna,Mahuli Travels,A/C Seater/Sleeper (2+1),19:45,09h 20m,05:05,3.7,365,21 Seats available
Purnea to Patna Bus,https://www.redbus.in/bus-tickets/purnea-to-patna,Sri Krishna Tours and Travels,A/C Seater / Sleeper (2+2),21:00,08h 20m,05:20,3.2,302,51 Seats available
Purnea to Patna Bus,https://www.redbus.in/bus-tickets/purnea-to-patna,Vivek Travels (yvts),A/C Seater/Sleeper (2+1),22:00,07h 20m,05:20,1.3,350,10 Seats available
Purnea to Patna Bus,https://www.redbus.in/bus-tickets/purnea-to-patna,Shivam Travels,NON A/C Seater / Sleeper (2+2),20:30,08h 30m,05:00,1.1,302,26 Seats available
Patna to Muzaffarpur Bus,https://www.redbus.in/bus-tickets/patna-to-muzaffarpur,Bihar state road transport corporation (BSRTC) - 160830,Non AC Seater (2+3),21:30,02h 31m,00:01,3.2,285,34 Seats available
Patna to Muzaffarpur Bus,https://www.redbus.in/bus-tickets/patna-to-muzaffarpur,Rohit Sewa,NON A/C Seater (2+2),17:16,02h 00m,19:16,3,342,11 Seats available
Patna to Muzaffarpur Bus,https://www.redbus.in/bus-tickets/patna-to-muzaffarpur,Rohit Sewa,NON A/C Seater (2+2),17:40,02h 00m,19:40,3,370,27 Seats available
Patna to Muzaffarpur Bus,https://www.redbus.in/bus-tickets/patna-to-muzaffarpur,Rohit Sewa,NON A/C Seater (2+2),18:04,02h 00m,20:04,3,365,20 Seats available
Patna to Muzaffarpur Bus,https://www.redbus.in/bus-tickets/patna-to-muzaffarpur,Rohit Sewa,NON A/C Seater (2+2),18:14,02h 00m,20:14,3,204,2 Seats available
Patna to Muzaffarpur Bus,https://www.redbus.in/bus-tickets/patna-to-muzaffarpur,Rohit Sewa,NON A/C Seater (2+2),19:17,02h 00m,21:17,3,365,32 Seats available
Patna to Muzaffarpur Bus,https://www.redbus.in/bus-tickets/patna-to-muzaffarpur,Rohit Sewa,NON A/C Seater (2+2),20:32,02h 00m,22:32,3,302,39 Seats available
Patna to Muzaffarpur Bus,https://www.redbus.in/bus-tickets/patna-to-muzaffarpur,Alok Travels,A/C Seater (2+2),15:00,02h 00m,17:00,1.6,370,1 Seat available
Patna to Muzaffarpur Bus,https://www.redbus.in/bus-tickets/patna-to-muzaffarpur,Jai Jagdish Shiv Dulari,Leyland A/C Seater Executive (2+2),15:30,02h 30m,18:00,2.2,315,9 Seats available
Patna to Muzaffarpur Bus,https://www.redbus.in/bus-tickets/patna-to-muzaffarpur,Jai Jagdish Shiv Dulari,Leyland A/C Seater Executive (2+2),16:00,02h 30m,18:30,2.2,315,5 Seats available
Patna to Muzaffarpur Bus,https://www.redbus.in/bus-tickets/patna-to-muzaffarpur,Jai Jagdish Shiv Dulari,Leyland A/C Seater Executive (2+2),16:00,02h 30m,18:30,2.2,599,34 Seats available
Patna to Muzaffarpur Bus,https://www.redbus.in/bus-tickets/patna-to-muzaffarpur,Alok Travels,A/C Seater (2+2),16:14,02h 00m,18:14,1.6,280,26 Seats available
Patna to Muzaffarpur Bus,https://www.redbus.in/bus-tickets/patna-to-muzaffarpur,Jai Jagdish Shiv Dulari,Leyland A/C Seater Executive (2+2),17:30,02h 30m,20:00,2.2,315,12 Seats available
Patna to Muzaffarpur Bus,https://www.redbus.in/bus-tickets/patna-to-muzaffarpur,Jai Jagdish Shiv Dulari,Leyland A/C Seater Executive (2+2),18:30,02h 30m,21:00,2.2,305,46 Seats available
Patna to Muzaffarpur Bus,https://www.redbus.in/bus-tickets/patna-to-muzaffarpur,New Travel India,A/C Seater Push Back (2+2),18:45,02h 15m,21:00,1.2,342,16 Seats available
Patna to Muzaffarpur Bus,https://www.redbus.in/bus-tickets/patna-to-muzaffarpur,New Travel India,A/C Seater Push Back (2+2),18:55,01h 55m,20:50,1.2,320,29 Seats available
Patna to Muzaffarpur Bus,https://www.redbus.in/bus-tickets/patna-to-muzaffarpur,Super Pandav,Non AC Seater (2+2),18:58,02h 02m,21:00,2.2,370,21 Seats available
Patna to Muzaffarpur Bus,https://www.redbus.in/bus-tickets/patna-to-muzaffarpur,Jai Jagdish Shiv Dulari,Leyland A/C Seater Executive (2+2),19:00,02h 30m,21:30,2.2,315,20 Seats available
Patna to Muzaffarpur Bus,https://www.redbus.in/bus-tickets/patna-to-muzaffarpur,Sree Balaji Travels,A/C Seater / Sleeper (2+1),20:15,02h 15m,22:30,1.7,399,31 Seats available
Patna to Muzaffarpur Bus,https://www.redbus.in/bus-tickets/patna-to-muzaffarpur,Aman Rath,A/C Seater / Sleeper (2+1),20:15,02h 00m,22:15,3.9,285,61 Seats available
Patna to Muzaffarpur Bus,https://www.redbus.in/bus-tickets/patna-to-muzaffarpur,Sadhvi Rath,A/C Seater / Sleeper (2+1),20:20,02h 00m,22:20,3.1,365,23 Seats available
Patna to Muzaffarpur Bus,https://www.redbus.in/bus-tickets/patna-to-muzaffarpur,Sri Krishna Tours and Travels,A/C Seater / Sleeper (2+1),20:25,01h 50m,22:15,3.4,220,54 Seats available
Patna to Muzaffarpur Bus,https://www.redbus.in/bus-tickets/patna-to-muzaffarpur,Sri Krishna Tours and Travels,A/C Seater / Sleeper (2+2),20:30,02h 20m,22:50,3.4,220,54 Seats available
Patna to Muzaffarpur Bus,https://www.redbus.in/bus-tickets/patna-to-muzaffarpur,Aman Rath,A/C Seater / Sleeper (2+1),20:45,02h 00m,22:45,3.9,315,16 Seats available
Patna to Muzaffarpur Bus,https://www.redbus.in/bus-tickets/patna-to-muzaffarpur,MAA SHANTI TRAVELS,A/C Seater / Sleeper (2+1),21:25,02h 20m,23:45,4,370,2 Seats available
Patna to Muzaffarpur Bus,https://www.redbus.in/bus-tickets/patna-to-muzaffarpur,MAA SHANTI TRAVELS,Non A/C Seater / Sleeper (2+1),22:10,01h 45m,23:55,4,280,31 Seats available
Patna to Muzaffarpur Bus,https://www.redbus.in/bus-tickets/patna-to-muzaffarpur,Panwar Travels,A/C Seater / Sleeper (2+1),18:10,02h 20m,20:30,2.7,361,26 Seats available
Patna to Muzaffarpur Bus,https://www.redbus.in/bus-tickets/patna-to-muzaffarpur,Sri Krishna Rath,A/C Seater / Sleeper (2+2),19:00,02h 00m,21:00,2.2,315,40 Seats available
Patna to Muzaffarpur Bus,https://www.redbus.in/bus-tickets/patna-to-muzaffarpur,Ayan Benz,A/C Seater / Sleeper (2+1),20:00,03h 00m,23:00,2,280,15 Seats available
Patna to Muzaffarpur Bus,https://www.redbus.in/bus-tickets/patna-to-muzaffarpur,Sri Krishna Rath,A/C Seater / Sleeper (2+2),20:00,02h 00m,22:00,1.6,315,25 Seats available
Patna to Muzaffarpur Bus,https://www.redbus.in/bus-tickets/patna-to-muzaffarpur,Royal Sundram,A/C Seater / Sleeper (2+1),20:15,02h 00m,22:15,2.3,499,20 Seats available
Patna to Muzaffarpur Bus,https://www.redbus.in/bus-tickets/patna-to-muzaffarpur,Sree Balaji Travels,NON A/C Seater / Sleeper (2+2),20:30,02h 00m,22:30,1.7,370,14 Seats available
Patna to Muzaffarpur Bus,https://www.redbus.in/bus-tickets/patna-to-muzaffarpur,Chandralok Bus Service,A/C Seater / Sleeper (2+2),21:00,02h 30m,23:30,2.2,315,24 Seats available
Patna to Muzaffarpur Bus,https://www.redbus.in/bus-tickets/patna-to-muzaffarpur,Sri Krishna Rath,A/C Seater / Sleeper (2+2),21:00,02h 00m,23:00,1.6,315,20 Seats available
Patna to Muzaffarpur Bus,https://www.redbus.in/bus-tickets/patna-to-muzaffarpur,Chandralok Bus Service,A/C Seater / Sleeper (2+2),21:10,02h 20m,23:30,2.2,550,35 Seats available
Patna to Muzaffarpur Bus,https://www.redbus.in/bus-tickets/patna-to-muzaffarpur,Jai Hanuman Travels,A/C Seater / Sleeper (2+2),22:20,01h 55m,00:15,2.7,370,12 Seats available
Patna to Muzaffarpur Bus,https://www.redbus.in/bus-tickets/patna-to-muzaffarpur,Jai Mata Di Tour and Travels,A/C Seater / Sleeper (2+2),22:40,01h 50m,00:30,2.4,370,20 Seats available
Muzaffarpur to Ramgarh (Jharkhand) Bus,https://www.redbus.in/bus-tickets/muzaffarpur-to-ramgarh,Bihar state road transport corporation (BSRTC) - 153594,AC Seater (2+2),18:00,11h 31m,05:31,3.5,399,30 Seats available
Muzaffarpur to Ramgarh (Jharkhand) Bus,https://www.redbus.in/bus-tickets/muzaffarpur-to-ramgarh,Pawapuri Motors,A/C Seater / Sleeper (2+1),17:30,10h 45m,04:15,2.4,250,20 Seats available
Muzaffarpur to Ramgarh (Jharkhand) Bus,https://www.redbus.in/bus-tickets/muzaffarpur-to-ramgarh,Tejas Maa Bhawani,A/C Seater / Sleeper (2+2),19:00,08h 50m,03:50,2,315,15 Seats available
Muzaffarpur to Ramgarh (Jharkhand) Bus,https://www.redbus.in/bus-tickets/muzaffarpur-to-ramgarh,Tejas Maa Bhawani,AC Sleeper (2+1),18:45,09h 45m,04:30,2,315,24 Seats available
Muzaffarpur to Ramgarh (Jharkhand) Bus,https://www.redbus.in/bus-tickets/muzaffarpur-to-ramgarh,Tejas Maa Bhawani,A/C Sleeper (2+1),19:05,09h 55m,05:00,2,450,29 Seats available
Muzaffarpur to Ramgarh (Jharkhand) Bus,https://www.redbus.in/bus-tickets/muzaffarpur-to-ramgarh,Tejas Maa Bhawani,Non AC Seater (2+2),18:30,09h 20m,03:50,2,320,29 Seats available
Motihari to Lucknow Bus,https://www.redbus.in/bus-tickets/motihari-to-lucknow,MISHRA BANDHU BUS SERVICE,A/C Seater / Sleeper (2+1),16:55,11h 19m,04:14,3.3,365,25 Seats available
Motihari to Lucknow Bus,https://www.redbus.in/bus-tickets/motihari-to-lucknow,Panwar Travels,A/C Seater / Sleeper (2+1),21:35,08h 45m,06:20,4.3,370,19 Seats available
Motihari to Lucknow Bus,https://www.redbus.in/bus-tickets/motihari-to-lucknow,Travel Point World LLP,A/C Seater / Sleeper (2+2),18:20,09h 00m,03:20,1.6,365,16 Seats available
Motihari to Lucknow Bus,https://www.redbus.in/bus-tickets/motihari-to-lucknow,Shree Balajee Travels And Cargo,A/C Seater / Sleeper (2+1),15:00,10h 00m,01:00,1.3,315,20 Seats available
Motihari to Lucknow Bus,https://www.redbus.in/bus-tickets/motihari-to-lucknow,Shree Balajee Travels And Cargo,A/C Sleeper (2+1),21:31,06h 30m,04:01,1.3,315,10 Seats available
Motihari to Lucknow Bus,https://www.redbus.in/bus-tickets/motihari-to-lucknow,Shree Balajee Travels And Cargo,NON A/C Seater/ Sleeper (2+1),16:30,07h 00m,23:30,1.3,315,30 Seats available
Motihari to Agra Bus,https://www.redbus.in/bus-tickets/motihari-to-agra,Panwar Travels,A/C Sleeper (2+1),15:40,14h 35m,06:15,2.7,315,19 Seats available
Motihari to Agra Bus,https://www.redbus.in/bus-tickets/motihari-to-agra,Travel Point World LLP,A/C Seater / Sleeper (2+2),18:20,12h 30m,06:50,1.6,320,25 Seats available
Motihari to Agra Bus,https://www.redbus.in/bus-tickets/motihari-to-agra,Shree Balajee Travels And Cargo,A/C Seater / Sleeper (2+1),15:00,15h 43m,06:43,1.3,342,35 Seats available
Motihari to Agra Bus,https://www.redbus.in/bus-tickets/motihari-to-agra,Shree Balajee Travels And Cargo,NON A/C Seater/ Sleeper (2+1),16:30,13h 30m,06:00,1.3,285,51 Seats available
Patna to Simrahi Bazar (Bihar) Bus,https://www.redbus.in/bus-tickets/patna-to-simrahi-bazar-bihar,Bihar state road transport corporation (BSRTC) - 142847,AC Seater (2+2),21:25,05h 05m,02:30,4.7,285,61 Seats available
Patna to Simrahi Bazar (Bihar) Bus,https://www.redbus.in/bus-tickets/patna-to-simrahi-bazar-bihar,VIJAY RATH,A/C Seater / Sleeper (2+1),20:30,06h 30m,03:00,3.7,475,52 Seats available
Patna to Simrahi Bazar (Bihar) Bus,https://www.redbus.in/bus-tickets/patna-to-simrahi-bazar-bihar,Raj Bus Services,Bharat Benz A/C Seater /Sleeper (2+1),20:35,07h 00m,03:35,3.4,315,20 Seats available
Patna to Simrahi Bazar (Bihar) Bus,https://www.redbus.in/bus-tickets/patna-to-simrahi-bazar-bihar,Raj Bus Services,Bharat Benz A/C Seater /Sleeper (2+1),18:25,07h 10m,01:35,3.4,399,30 Seats available
Patna to Simrahi Bazar (Bihar) Bus,https://www.redbus.in/bus-tickets/patna-to-simrahi-bazar-bihar,Raj Bus Services,A/C Seater / Sleeper (2+1),19:25,07h 40m,03:05,3.4,300,61 Seats available
Patna to Simrahi Bazar (Bihar) Bus,https://www.redbus.in/bus-tickets/patna-to-simrahi-bazar-bihar,Raj Bus Services,A/C Seater / Sleeper (2+1),16:55,07h 04m,23:59,3.4,352,19 Seats available
Patna to Simrahi Bazar (Bihar) Bus,https://www.redbus.in/bus-tickets/patna-to-simrahi-bazar-bihar,Aarush Krrish,A/C Seater / Sleeper (2+1),21:00,05h 00m,02:00,2.3,200,20 Seats available
Patna to Simrahi Bazar (Bihar) Bus,https://www.redbus.in/bus-tickets/patna-to-simrahi-bazar-bihar,Mahuli Travels,A/C Seater / Sleeper (2+1),20:50,06h 10m,03:00,3.7,280,20 Seats available
Patna to Simrahi Bazar (Bihar) Bus,https://www.redbus.in/bus-tickets/patna-to-simrahi-bazar-bihar,Sri Krishna Tours and Travels,A/C Seater / Sleeper (2+2),20:30,06h 10m,02:40,3.2,399,20 Seats available
Patna to Simrahi Bazar (Bihar) Bus,https://www.redbus.in/bus-tickets/patna-to-simrahi-bazar-bihar,Raj Rath,A/C Seater / Sleeper (2+2),21:00,06h 30m,03:30,2.4,315,20 Seats available
Patna to Simrahi Bazar (Bihar) Bus,https://www.redbus.in/bus-tickets/patna-to-simrahi-bazar-bihar,Tiwari Motors,A/C Seater / Sleeper (2+1),20:00,07h 30m,03:30,2.2,428,41 Seats available
Patna to Simrahi Bazar (Bihar) Bus,https://www.redbus.in/bus-tickets/patna-to-simrahi-bazar-bihar,Sri Krishna Rath,A/C Seater / Sleeper (2+2),21:00,08h 00m,05:00,1.6,330,12 Seats available
Patna to Simrahi Bazar (Bihar) Bus,https://www.redbus.in/bus-tickets/patna-to-simrahi-bazar-bihar,Sri Krishna Rath,A/C Seater / Sleeper (2+2),20:00,08h 00m,04:00,1.6,324,39 Seats available
Patna to Simrahi Bazar (Bihar) Bus,https://www.redbus.in/bus-tickets/patna-to-simrahi-bazar-bihar,Sri Krishna Rath,A/C Seater / Sleeper (2+2),19:00,08h 00m,03:00,2.2,370,21 Seats available
Ranchi to Bihar Sharif Bus,https://www.redbus.in/bus-tickets/ranchi-to-bihar-sharif,Bihar state road transport corporation (BSRTC) - 153614,AC Seater (2+2),20:55,06h 35m,03:30,2.7,370,21 Seats available
Ranchi to Bihar Sharif Bus,https://www.redbus.in/bus-tickets/ranchi-to-bihar-sharif,MAA SHANTI TRAVELS,A/C Seater/Sleeper (2+1),21:00,07h 45m,04:45,3.9,470,12 Seats available
Ranchi to Bihar Sharif Bus,https://www.redbus.in/bus-tickets/ranchi-to-bihar-sharif,VIJAY RATH,A/C Seater / Sleeper (2+1),22:00,06h 00m,04:00,2.7,265,18 Seats available
Ranchi to Bihar Sharif Bus,https://www.redbus.in/bus-tickets/ranchi-to-bihar-sharif,Sri Sai ( Jharkhand Paryatak),A/C Seater / Sleeper (2+1),21:15,06h 15m,03:30,3.9,279,46 Seats available
Ranchi to Bihar Sharif Bus,https://www.redbus.in/bus-tickets/ranchi-to-bihar-sharif,Mahuli Travels,A/C Seater/Sleeper (2+1),21:15,06h 35m,03:50,3.1,350,12 Seats available
Ranchi to Bihar Sharif Bus,https://www.redbus.in/bus-tickets/ranchi-to-bihar-sharif,Chandralok Travels,A/C Seater / Sleeper (2+1),21:35,06h 25m,04:00,1,315,26 Seats available
Ranchi to Bihar Sharif Bus,https://www.redbus.in/bus-tickets/ranchi-to-bihar-sharif,JGD Travels Pvt Ltd.,Bharat Benz A/C Sleeper (2+1),20:35,05h 40m,02:15,3,249,46 Seats available
Ranchi to Bihar Sharif Bus,https://www.redbus.in/bus-tickets/ranchi-to-bihar-sharif,Toofan Deluxe,A/C Seater / Sleeper (2+2),18:30,06h 30m,01:00,2.4,352,25 Seats available
Ranchi to Bihar Sharif Bus,https://www.redbus.in/bus-tickets/ranchi-to-bihar-sharif,Tejas Maa Bhawani,A/C Seater / Sleeper (2+2),18:15,07h 45m,02:00,2,279,41 Seats available
Ranchi to Bihar Sharif Bus,https://www.redbus.in/bus-tickets/ranchi-to-bihar-sharif,Sri Krishna Rath,A/C Seater / Sleeper (2+2),22:00,07h 30m,05:30,1.6,300,25 Seats available
Ranchi to Bihar Sharif Bus,https://www.redbus.in/bus-tickets/ranchi-to-bihar-sharif,BD Parivahan,A/C Seater / Sleeper (2+2),21:00,07h 30m,04:30,1.5,389,16 Seats available
Ranchi to Bihar Sharif Bus,https://www.redbus.in/bus-tickets/ranchi-to-bihar-sharif,Sri Krishna Rath,A/C Seater / Sleeper (2+2),22:00,07h 00m,05:00,1.6,250,35 Seats available
Hazaribagh to Ranchi Bus,https://www.redbus.in/bus-tickets/hazaribagh-to-ranchi,Pammi Travels,AC Seater (2+2),15:05,02h 00m,17:05,3.3,320,21 Seats available
Hazaribagh to Ranchi Bus,https://www.redbus.in/bus-tickets/hazaribagh-to-ranchi,Pammi Travels,NON A/C Seater (2+2),15:40,02h 10m,17:50,3.3,428,25 Seats available
Hazaribagh to Ranchi Bus,https://www.redbus.in/bus-tickets/hazaribagh-to-ranchi,Pammi Travels,AC Seater (2+2),19:25,02h 05m,21:30,3.3,399,20 Seats available
Hazaribagh to Ranchi Bus,https://www.redbus.in/bus-tickets/hazaribagh-to-ranchi,Maharani Express,Tata Non A/C Seater Executive Luxury (2+2),14:50,03h 45m,18:35,2.3,399,21 Seats available
Hazaribagh to Ranchi Bus,https://www.redbus.in/bus-tickets/hazaribagh-to-ranchi,Shanu Sudhanshu,A/C Seater (2+2),15:00,01h 30m,16:30,2.9,302,46 Seats available
Hazaribagh to Ranchi Bus,https://www.redbus.in/bus-tickets/hazaribagh-to-ranchi,Ravi Deluxe,Non AC Seater (2+3),15:00,16h 00m,07:00,2,315,20 Seats available
Hazaribagh to Ranchi Bus,https://www.redbus.in/bus-tickets/hazaribagh-to-ranchi,Shivam Travels (yvts),A/C Seater (2+2),17:30,02h 15m,19:45,2.9,315,13 Seats available
Hazaribagh to Ranchi Bus,https://www.redbus.in/bus-tickets/hazaribagh-to-ranchi,Shanu Sudhanshu,A/C Seater (2+2),17:40,01h 30m,19:10,2.6,302,49 Seats available
Hazaribagh to Ranchi Bus,https://www.redbus.in/bus-tickets/hazaribagh-to-ranchi,Shanu Sudhanshu,A/C Seater (2+2),18:00,01h 30m,19:30,1.9,302,51 Seats available
Hazaribagh to Ranchi Bus,https://www.redbus.in/bus-tickets/hazaribagh-to-ranchi,Mukteshwari Travels,NON A/C Seater (2+2),18:50,01h 55m,20:45,1,280,16 Seats available
Hazaribagh to Ranchi Bus,https://www.redbus.in/bus-tickets/hazaribagh-to-ranchi,Mantri Raodways,NON A/C Seater (2+2),19:00,02h 00m,21:00,2.9,278,46 Seats available
Hazaribagh to Ranchi Bus,https://www.redbus.in/bus-tickets/hazaribagh-to-ranchi,Ravi Deluxe,Non AC Seater (2+3),19:10,02h 50m,22:00,2,280,20 Seats available
Hazaribagh to Hajipur (Bihar) Bus,https://www.redbus.in/bus-tickets/hazaribagh-to-hajipur,Bihar state road transport corporation (BSRTC) - 153614,AC Seater (2+2),23:15,07h 15m,06:30,3.5,352,19 Seats available
Hazaribagh to Hajipur (Bihar) Bus,https://www.redbus.in/bus-tickets/hazaribagh-to-hajipur,Pappu Travels (yvts),A/C Seater/Sleeper (2+1),20:00,07h 30m,03:30,2.9,299,46 Seats available
Hazaribagh to Hajipur (Bihar) Bus,https://www.redbus.in/bus-tickets/hazaribagh-to-hajipur,Tejas Maa Bhawani,Non AC Seater (2+2),21:00,06h 55m,03:55,2,390,61 Seats available
Hazaribagh to Hajipur (Bihar) Bus,https://www.redbus.in/bus-tickets/hazaribagh-to-hajipur,Tejas Maa Bhawani,A/C Seater / Sleeper (2+2),21:35,06h 20m,03:55,2,299,36 Seats available
Hazaribagh to Hajipur (Bihar) Bus,https://www.redbus.in/bus-tickets/hazaribagh-to-hajipur,Tejas Maa Bhawani,A/C Sleeper (2+1),21:45,07h 15m,05:00,2,239,30 Seats available
Ranchi to Hazaribagh Bus,https://www.redbus.in/bus-tickets/ranchi-to-hazaribagh,Bihar state road transport corporation (BSRTC) - 153614,AC Seater (2+2),20:55,02h 20m,23:15,3.9,285,51 Seats available
Ranchi to Hazaribagh Bus,https://www.redbus.in/bus-tickets/ranchi-to-hazaribagh,Rugby Roadways,A/C Seater / Sleeper (2+1),16:45,03h 00m,19:45,3.2,315,36 Seats available
Ranchi to Hazaribagh Bus,https://www.redbus.in/bus-tickets/ranchi-to-hazaribagh,Pammi Travels,AC Seater (2+2),17:00,02h 30m,19:30,3.5,352,20 Seats available
Ranchi to Hazaribagh Bus,https://www.redbus.in/bus-tickets/ranchi-to-hazaribagh,Moti Travels,A/C Seater Push Back (2+2),17:10,02h 50m,20:00,3.1,399,20 Seats available
Ranchi to Hazaribagh Bus,https://www.redbus.in/bus-tickets/ranchi-to-hazaribagh,Arzoo Travels,A/C Sleeper (2+1),21:00,02h 30m,23:30,3.8,400,65 Seats available
Ranchi to Hazaribagh Bus,https://www.redbus.in/bus-tickets/ranchi-to-hazaribagh,Mukteshwari Travels (yvts ),NON A/C Seater / Sleeper (2+2),14:50,03h 05m,17:55,2.9,285,16 Seats available
Ranchi to Hazaribagh Bus,https://www.redbus.in/bus-tickets/ranchi-to-hazaribagh,Vijay Rath,NON A/C Seater / Sleeper (2+2),14:50,03h 20m,18:10,2.6,370,31 Seats available
Ranchi to Hazaribagh Bus,https://www.redbus.in/bus-tickets/ranchi-to-hazaribagh,Shanu Sudhanshu,A/C Seater (2+2),15:15,01h 30m,16:45,1.7,320,25 Seats available
Ranchi to Hazaribagh Bus,https://www.redbus.in/bus-tickets/ranchi-to-hazaribagh,Shanu Sudhanshu,A/C Seater (2+2),15:25,01h 30m,16:55,1.7,469,21 Seats available
Ranchi to Hazaribagh Bus,https://www.redbus.in/bus-tickets/ranchi-to-hazaribagh,Shanu Sudhanshu,A/C Seater (2+2),15:55,01h 30m,17:25,1.7,352,41 Seats available
Ranchi to Hazaribagh Bus,https://www.redbus.in/bus-tickets/ranchi-to-hazaribagh,Ashirwad Bus Service,NON A/C Seater / Sleeper (2+2),16:00,03h 30m,19:30,1.1,390,36 Seats available
Ranchi to Hazaribagh Bus,https://www.redbus.in/bus-tickets/ranchi-to-hazaribagh,Shanu Sudhanshu,A/C Seater (2+2),16:30,01h 30m,18:00,1.7,300,19 Seats available
Ranchi to Hazaribagh Bus,https://www.redbus.in/bus-tickets/ranchi-to-hazaribagh,Shivam Bus Service,Mercedes Benz A/C (2+2),17:40,03h 05m,20:45,1,428,9 Seats available
Ranchi to Hazaribagh Bus,https://www.redbus.in/bus-tickets/ranchi-to-hazaribagh,Shanu Sudhanshu,A/C Seater (2+2),20:10,01h 30m,21:40,1.7,352,20 Seats available
Ranchi to Hazaribagh Bus,https://www.redbus.in/bus-tickets/ranchi-to-hazaribagh,Pammi Travels,NON A/C Sleeper (2+1),18:01,03h 26m,21:27,3.5,159,37 Seats available
Ranchi to Hazaribagh Bus,https://www.redbus.in/bus-tickets/ranchi-to-hazaribagh,Pammi Travels,A/C Sleeper (2+1),19:00,03h 00m,22:00,3.5,428,20 Seats available
Ranchi to Hazaribagh Bus,https://www.redbus.in/bus-tickets/ranchi-to-hazaribagh,Pammi Travels,A/C Sleeper (2+1),19:00,02h 45m,21:45,3.5,390,20 Seats available
Ranchi to Hazaribagh Bus,https://www.redbus.in/bus-tickets/ranchi-to-hazaribagh,Sadhvi Rath,A/C Seater / Sleeper (2+1),20:30,02h 58m,23:28,3.1,280,48 Seats available
Ranchi to Hazaribagh Bus,https://www.redbus.in/bus-tickets/ranchi-to-hazaribagh,Divya Rath,A/C Sleeper (2+1),22:10,03h 20m,01:30,4.2,315,20 Seats available
Ranchi to Hazaribagh Bus,https://www.redbus.in/bus-tickets/ranchi-to-hazaribagh,Jay Jagdambay Tour And Travels,A/C Seater / Sleeper (2+1),17:20,02h 40m,20:00,2.1,352,25 Seats available
Ranchi to Hazaribagh Bus,https://www.redbus.in/bus-tickets/ranchi-to-hazaribagh,Toofan Deluxe,A/C Seater / Sleeper (2+2),18:30,02h 30m,21:00,2.4,352,20 Seats available
Ranchi to Hazaribagh Bus,https://www.redbus.in/bus-tickets/ranchi-to-hazaribagh,Kaimur King,NON A/C Seater / Sleeper (2+2),20:00,03h 15m,23:15,1.8,352,41 Seats available
Ranchi to Hazaribagh Bus,https://www.redbus.in/bus-tickets/ranchi-to-hazaribagh,Kaimur King,A/C Seater / Sleeper (2+1),20:15,03h 15m,23:30,1.8,419,61 Seats available
Ranchi to Hazaribagh Bus,https://www.redbus.in/bus-tickets/ranchi-to-hazaribagh,BD Parivahan,A/C Seater / Sleeper (2+2),21:00,02h 50m,23:50,1.5,280,20 Seats available
Ranchi to Hazaribagh Bus,https://www.redbus.in/bus-tickets/ranchi-to-hazaribagh,Sri Krishna Rath,A/C Seater / Sleeper (2+2),22:00,01h 15m,23:15,1.6,280,18 Seats available
Ranchi to Hazaribagh Bus,https://www.redbus.in/bus-tickets/ranchi-to-hazaribagh,Maharani Travels,NON A/C Seater / Sleeper (2+2),22:30,01h 35m,00:05,2.9,320,30 Seats available
Ranchi to Hazaribagh Bus,https://www.redbus.in/bus-tickets/ranchi-to-hazaribagh,Maharani Express,A/C Seater / Sleeper (2+2),23:45,01h 30m,01:15,2.3,470,16 Seats available
